Workbook

Sheet 中学校補正マスタ
A1: 中学校名 | B1: 補正係数 | C1: 根拠・メモ
A2: 稲枝中 | B2: 1 | C2: 基準校
A3: 彦根東中 | C3: 田中氏に確認後入力
A4: 彦根中央中 | C4: 田中氏に確認後入力
A5: 南中 | C5: 田中氏に確認後入力
A6: 彦根西中 | C6: 田中氏に確認後入力
A7: 鳥居本中 | C7: 田中氏に確認後入力
A8: 多賀中 | C8: 田中氏に確認後入力
A9: 河瀬中 | C9: 田中氏に確認後入力

Sheet 換算マスタ
A1: 補正後5科合計（下限） | B1: 推定Vもし偏差値
A23: ※ A列（補正後5科合計）は必ず昇順で入力してください（VLOOKUPの近似一致で正しく動作するため）

Sheet テスト点数入力＆進学先予測
A1: 生徒名 | B1: 学年 | C1: 中学校名 | D1: 国語 | E1: 数学 | F1: 英語 | G1: 理科 | H1: 社会 | I1: 5科合計 | J1: Vもし偏差値 | K1: 補正係数 | L1: 補正後5科合計 | M1: 推定Vもし偏差値 | N1: 志望校 | O1: 志望校偏差値 | P1: 判定 | Q1: 予測第1候補 | R1: 予測第2候補 | S1: 予測第3候補
I2: =IF(D2<>"",SUM(D2:H2),"") | K2: =IFERROR(VLOOKUP(C2,'中学校補正マスタ'!A:B,2,FALSE),"") | L2: =IF(AND(I2<>"",K2<>""),I2*K2,"") | M2: =IF(J2<>"",J2,IF(L2<>"",IFERROR(VLOOKUP(L2,'換算マスタ'!A:B,2,TRUE),""),"")) | O2: =IFERROR(VLOOKUP(N2,'高校別サマリー'!A:C,3,FALSE),"") | P2: =IF(OR(M2="",O2=""),"",IFS(M2>=O2+3,"A判定（安全圏）",M2>=O2+1,"B判定（合格圏）",M2>=O2-1,"C判定（ボーダー）",M2>=O2-3,"D判定（努力圏）",TRUE,"E判定（要再考）")) | Q2: =IFERROR(INDEX(SORT('高校別サマリー'!A$2:C$19,ABS('高校別サマリー'!C$2:C$19-M2),TRUE),1,1),"") | R2: =IFERROR(INDEX(SORT('高校別サマリー'!A$2:C$19,ABS('高校別サマリー'!C$2:C$19-M2),TRUE),2,1),"") | S2: =IFERROR(INDEX(SORT('高校別サマリー'!A$2:C$19,ABS('高校別サマリー'!C$2:C$19-M2),TRUE),3,1),"")
I3: =IF(D3<>"",SUM(D3:H3),"") | K3: =IFERROR(VLOOKUP(C3,'中学校補正マスタ'!A:B,2,FALSE),"") | L3: =IF(AND(I3<>"",K3<>""),I3*K3,"") | M3: =IF(J3<>"",J3,IF(L3<>"",IFERROR(VLOOKUP(L3,'換算マスタ'!A:B,2,TRUE),""),"")) | O3: =IFERROR(VLOOKUP(N3,'高校別サマリー'!A:C,3,FALSE),"") | P3: =IF(OR(M3="",O3=""),"",IFS(M3>=O3+3,"A判定（安全圏）",M3>=O3+1,"B判定（合格圏）",M3>=O3-1,"C判定（ボーダー）",M3>=O3-3,"D判定（努力圏）",TRUE,"E判定（要再考）")) | Q3: =IFERROR(INDEX(SORT('高校別サマリー'!A$2:C$19,ABS('高校別サマリー'!C$2:C$19-M3),TRUE),1,1),"") | R3: =IFERROR(INDEX(SORT('高校別サマリー'!A$2:C$19,ABS('高校別サマリー'!C$2:C$19-M3),TRUE),2,1),"") | S3: =IFERROR(INDEX(SORT('高校別サマリー'!A$2:C$19,ABS('高校別サマリー'!C$2:C$19-M3),TRUE),3,1),"")
I4: =IF(D4<>"",SUM(D4:H4),"") | K4: =IFERROR(VLOOKUP(C4,'中学校補正マスタ'!A:B,2,FALSE),"") | L4: =IF(AND(I4<>"",K4<>""),I4*K4,"") | M4: =IF(J4<>"",J4,IF(L4<>"",IFERROR(VLOOKUP(L4,'換算マスタ'!A:B,2,TRUE),""),"")) | O4: =IFERROR(VLOOKUP(N4,'高校別サマリー'!A:C,3,FALSE),"") | P4: =IF(OR(M4="",O4=""),"",IFS(M4>=O4+3,"A判定（安全圏）",M4>=O4+1,"B判定（合格圏）",M4>=O4-1,"C判定（ボーダー）",M4>=O4-3,"D判定（努力圏）",TRUE,"E判定（要再考）")) | Q4: =IFERROR(INDEX(SORT('高校別サマリー'!A$2:C$19,ABS('高校別サマリー'!C$2:C$19-M4),TRUE),1,1),"") | R4: =IFERROR(INDEX(SORT('高校別サマリー'!A$2:C$19,ABS('高校別サマリー'!C$2:C$19-M4),TRUE),2,1),"") | S4: =IFERROR(INDEX(SORT('高校別サマリー'!A$2:C$19,ABS('高校別サマリー'!C$2:C$19-M4),TRUE),3,1),"")
I5: =IF(D5<>"",SUM(D5:H5),"") | K5: =IFERROR(VLOOKUP(C5,'中学校補正マスタ'!A:B,2,FALSE),"") | L5: =IF(AND(I5<>"",K5<>""),I5*K5,"") | M5: =IF(J5<>"",J5,IF(L5<>"",IFERROR(VLOOKUP(L5,'換算マスタ'!A:B,2,TRUE),""),"")) | O5: =IFERROR(VLOOKUP(N5,'高校別サマリー'!A:C,3,FALSE),"") | P5: =IF(OR(M5="",O5=""),"",IFS(M5>=O5+3,"A判定（安全圏）",M5>=O5+1,"B判定（合格圏）",M5>=O5-1,"C判定（ボーダー）",M5>=O5-3,"D判定（努力圏）",TRUE,"E判定（要再考）")) | Q5: =IFERROR(INDEX(SORT('高校別サマリー'!A$2:C$19,ABS('高校別サマリー'!C$2:C$19-M5),TRUE),1,1),"") | R5: =IFERROR(INDEX(SORT('高校別サマリー'!A$2:C$19,ABS('高校別サマリー'!C$2:C$19-M5),TRUE),2,1),"") | S5: =IFERROR(INDEX(SORT('高校別サマリー'!A$2:C$19,ABS('高校別サマリー'!C$2:C$19-M5),TRUE),3,1),"")
I6: =IF(D6<>"",SUM(D6:H6),"") | K6: =IFERROR(VLOOKUP(C6,'中学校補正マスタ'!A:B,2,FALSE),"") | L6: =IF(AND(I6<>"",K6<>""),I6*K6,"") | M6: =IF(J6<>"",J6,IF(L6<>"",IFERROR(VLOOKUP(L6,'換算マスタ'!A:B,2,TRUE),""),"")) | O6: =IFERROR(VLOOKUP(N6,'高校別サマリー'!A:C,3,FALSE),"") | P6: =IF(OR(M6="",O6=""),"",IFS(M6>=O6+3,"A判定（安全圏）",M6>=O6+1,"B判定（合格圏）",M6>=O6-1,"C判定（ボーダー）",M6>=O6-3,"D判定（努力圏）",TRUE,"E判定（要再考）")) | Q6: =IFERROR(INDEX(SORT('高校別サマリー'!A$2:C$19,ABS('高校別サマリー'!C$2:C$19-M6),TRUE),1,1),"") | R6: =IFERROR(INDEX(SORT('高校別サマリー'!A$2:C$19,ABS('高校別サマリー'!C$2:C$19-M6),TRUE),2,1),"") | S6: =IFERROR(INDEX(SORT('高校別サマリー'!A$2:C$19,ABS('高校別サマリー'!C$2:C$19-M6),TRUE),3,1),"")
I7: =IF(D7<>"",SUM(D7:H7),"") | K7: =IFERROR(VLOOKUP(C7,'中学校補正マスタ'!A:B,2,FALSE),"") | L7: =IF(AND(I7<>"",K7<>""),I7*K7,"") | M7: =IF(J7<>"",J7,IF(L7<>"",IFERROR(VLOOKUP(L7,'換算マスタ'!A:B,2,TRUE),""),"")) | O7: =IFERROR(VLOOKUP(N7,'高校別サマリー'!A:C,3,FALSE),"") | P7: =IF(OR(M7="",O7=""),"",IFS(M7>=O7+3,"A判定（安全圏）",M7>=O7+1,"B判定（合格圏）",M7>=O7-1,"C判定（ボーダー）",M7>=O7-3,"D判定（努力圏）",TRUE,"E判定（要再考）")) | Q7: =IFERROR(INDEX(SORT('高校別サマリー'!A$2:C$19,ABS('高校別サマリー'!C$2:C$19-M7),TRUE),1,1),"") | R7: =IFERROR(INDEX(SORT('高校別サマリー'!A$2:C$19,ABS('高校別サマリー'!C$2:C$19-M7),TRUE),2,1),"") | S7: =IFERROR(INDEX(SORT('高校別サマリー'!A$2:C$19,ABS('高校別サマリー'!C$2:C$19-M7),TRUE),3,1),"")
I8: =IF(D8<>"",SUM(D8:H8),"") | K8: =IFERROR(VLOOKUP(C8,'中学校補正マスタ'!A:B,2,FALSE),"") | L8: =IF(AND(I8<>"",K8<>""),I8*K8,"") | M8: =IF(J8<>"",J8,IF(L8<>"",IFERROR(VLOOKUP(L8,'換算マスタ'!A:B,2,TRUE),""),"")) | O8: =IFERROR(VLOOKUP(N8,'高校別サマリー'!A:C,3,FALSE),"") | P8: =IF(OR(M8="",O8=""),"",IFS(M8>=O8+3,"A判定（安全圏）",M8>=O8+1,"B判定（合格圏）",M8>=O8-1,"C判定（ボーダー）",M8>=O8-3,"D判定（努力圏）",TRUE,"E判定（要再考）")) | Q8: =IFERROR(INDEX(SORT('高校別サマリー'!A$2:C$19,ABS('高校別サマリー'!C$2:C$19-M8),TRUE),1,1),"") | R8: =IFERROR(INDEX(SORT('高校別サマリー'!A$2:C$19,ABS('高校別サマリー'!C$2:C$19-M8),TRUE),2,1),"") | S8: =IFERROR(INDEX(SORT('高校別サマリー'!A$2:C$19,ABS('高校別サマリー'!C$2:C$19-M8),TRUE),3,1),"")
I9: =IF(D9<>"",SUM(D9:H9),"") | K9: =IFERROR(VLOOKUP(C9,'中学校補正マスタ'!A:B,2,FALSE),"") | L9: =IF(AND(I9<>"",K9<>""),I9*K9,"") | M9: =IF(J9<>"",J9,IF(L9<>"",IFERROR(VLOOKUP(L9,'換算マスタ'!A:B,2,TRUE),""),"")) | O9: =IFERROR(VLOOKUP(N9,'高校別サマリー'!A:C,3,FALSE),"") | P9: =IF(OR(M9="",O9=""),"",IFS(M9>=O9+3,"A判定（安全圏）",M9>=O9+1,"B判定（合格圏）",M9>=O9-1,"C判定（ボーダー）",M9>=O9-3,"D判定（努力圏）",TRUE,"E判定（要再考）")) | Q9: =IFERROR(INDEX(SORT('高校別サマリー'!A$2:C$19,ABS('高校別サマリー'!C$2:C$19-M9),TRUE),1,1),"") | R9: =IFERROR(INDEX(SORT('高校別サマリー'!A$2:C$19,ABS('高校別サマリー'!C$2:C$19-M9),TRUE),2,1),"") | S9: =IFERROR(INDEX(SORT('高校別サマリー'!A$2:C$19,ABS('高校別サマリー'!C$2:C$19-M9),TRUE),3,1),"")
I10: =IF(D10<>"",SUM(D10:H10),"") | K10: =IFERROR(VLOOKUP(C10,'中学校補正マスタ'!A:B,2,FALSE),"") | L10: =IF(AND(I10<>"",K10<>""),I10*K10,"") | M10: =IF(J10<>"",J10,IF(L10<>"",IFERROR(VLOOKUP(L10,'換算マスタ'!A:B,2,TRUE),""),"")) | O10: =IFERROR(VLOOKUP(N10,'高校別サマリー'!A:C,3,FALSE),"") | P10: =IF(OR(M10="",O10=""),"",IFS(M10>=O10+3,"A判定（安全圏）",M10>=O10+1,"B判定（合格圏）",M10>=O10-1,"C判定（ボーダー）",M10>=O10-3,"D判定（努力圏）",TRUE,"E判定（要再考）")) | Q10: =IFERROR(INDEX(SORT('高校別サマリー'!A$2:C$19,ABS('高校別サマリー'!C$2:C$19-M10),TRUE),1,1),"") | R10: =IFERROR(INDEX(SORT('高校別サマリー'!A$2:C$19,ABS('高校別サマリー'!C$2:C$19-M10),TRUE),2,1),"") | S10: =IFERROR(INDEX(SORT('高校別サマリー'!A$2:C$19,ABS('高校別サマリー'!C$2:C$19-M10),TRUE),3,1),"")
I11: =IF(D11<>"",SUM(D11:H11),"") | K11: =IFERROR(VLOOKUP(C11,'中学校補正マスタ'!A:B,2,FALSE),"") | L11: =IF(AND(I11<>"",K11<>""),I11*K11,"") | M11: =IF(J11<>"",J11,IF(L11<>"",IFERROR(VLOOKUP(L11,'換算マスタ'!A:B,2,TRUE),""),"")) | O11: =IFERROR(VLOOKUP(N11,'高校別サマリー'!A:C,3,FALSE),"") | P11: =IF(OR(M11="",O11=""),"",IFS(M11>=O11+3,"A判定（安全圏）",M11>=O11+1,"B判定（合格圏）",M11>=O11-1,"C判定（ボーダー）",M11>=O11-3,"D判定（努力圏）",TRUE,"E判定（要再考）")) | Q11: =IFERROR(INDEX(SORT('高校別サマリー'!A$2:C$19,ABS('高校別サマリー'!C$2:C$19-M11),TRUE),1,1),"") | R11: =IFERROR(INDEX(SORT('高校別サマリー'!A$2:C$19,ABS('高校別サマリー'!C$2:C$19-M11),TRUE),2,1),"") | S11: =IFERROR(INDEX(SORT('高校別サマリー'!A$2:C$19,ABS('高校別サマリー'!C$2:C$19-M11),TRUE),3,1),"")
I12: =IF(D12<>"",SUM(D12:H12),"") | K12: =IFERROR(VLOOKUP(C12,'中学校補正マスタ'!A:B,2,FALSE),"") | L12: =IF(AND(I12<>"",K12<>""),I12*K12,"") | M12: =IF(J12<>"",J12,IF(L12<>"",IFERROR(VLOOKUP(L12,'換算マスタ'!A:B,2,TRUE),""),"")) | O12: =IFERROR(VLOOKUP(N12,'高校別サマリー'!A:C,3,FALSE),"") | P12: =IF(OR(M12="",O12=""),"",IFS(M12>=O12+3,"A判定（安全圏）",M12>=O12+1,"B判定（合格圏）",M12>=O12-1,"C判定（ボーダー）",M12>=O12-3,"D判定（努力圏）",TRUE,"E判定（要再考）")) | Q12: =IFERROR(INDEX(SORT('高校別サマリー'!A$2:C$19,ABS('高校別サマリー'!C$2:C$19-M12),TRUE),1,1),"") | R12: =IFERROR(INDEX(SORT('高校別サマリー'!A$2:C$19,ABS('高校別サマリー'!C$2:C$19-M12),TRUE),2,1),"") | S12: =IFERROR(INDEX(SORT('高校別サマリー'!A$2:C$19,ABS('高校別サマリー'!C$2:C$19-M12),TRUE),3,1),"")
I13: =IF(D13<>"",SUM(D13:H13),"") | K13: =IFERROR(VLOOKUP(C13,'中学校補正マスタ'!A:B,2,FALSE),"") | L13: =IF(AND(I13<>"",K13<>""),I13*K13,"") | M13: =IF(J13<>"",J13,IF(L13<>"",IFERROR(VLOOKUP(L13,'換算マスタ'!A:B,2,TRUE),""),"")) | O13: =IFERROR(VLOOKUP(N13,'高校別サマリー'!A:C,3,FALSE),"") | P13: =IF(OR(M13="",O13=""),"",IFS(M13>=O13+3,"A判定（安全圏）",M13>=O13+1,"B判定（合格圏）",M13>=O13-1,"C判定（ボーダー）",M13>=O13-3,"D判定（努力圏）",TRUE,"E判定（要再考）")) | Q13: =IFERROR(INDEX(SORT('高校別サマリー'!A$2:C$19,ABS('高校別サマリー'!C$2:C$19-M13),TRUE),1,1),"") | R13: =IFERROR(INDEX(SORT('高校別サマリー'!A$2:C$19,ABS('高校別サマリー'!C$2:C$19-M13),TRUE),2,1),"") | S13: =IFERROR(INDEX(SORT('高校別サマリー'!A$2:C$19,ABS('高校別サマリー'!C$2:C$19-M13),TRUE),3,1),"")
... I31: =IF(D31<>"",SUM(D31:H31),"") | K31: =IFERROR(VLOOKUP(C31,'中学校補正マスタ'!A:B,2,FALSE),"") | L31: =IF(AND(I31<>"",K31<>""),I31*K31,"") | M31: =IF(J31<>"",J31,IF(L31<>"",IFERROR(VLOOKUP(L31,'換算マスタ'!A:B,2,TRUE),""),"")) | O31: =IFERROR(VLOOKUP(N31,'高校別サマリー'!A:C,3,FALSE),"") | P31: =IF(OR(M31="",O31=""),"",IFS(M31>=O31+3,"A判定（安全圏）",M31>=O31+1,"B判定（合格圏）",M31>=O31-1,"C判定（ボーダー）",M31>=O31-3,"D判定（努力圏）",TRUE,"E判定（要再考）")) | Q31: =IFERROR(INDEX(SORT('高校別サマリー'!A$2:C$19,ABS('高校別サマリー'!C$2:C$19-M31),TRUE),1,1),"") | R31: =IFERROR(INDEX(SORT('高校別サマリー'!A$2:C$19,ABS('高校別サマリー'!C$2:C$19-M31),TRUE),2,1),"") | S31: =IFERROR(INDEX(SORT('高校別サマリー'!A$2:C$19,ABS('高校別サマリー'!C$2:C$19-M31),TRUE),3,1),"")

Sheet OCR読取データ
A1: 生徒名 | B1: 学年 | C1: 中学校名 | D1: データ種別 | E1: 国語 | F1: 数学 | G1: 英語 | H1: 理科 | I1: 社会 | J1: 5科合計 | K1: Vもし偏差値 | L1: テスト回/年度 | M1: 読取元ファイル名
J2: =IF(E2<>"",SUM(E2:I2),"")
J3: =IF(E3<>"",SUM(E3:I3),"")
J4: =IF(E4<>"",SUM(E4:I4),"")
J5: =IF(E5<>"",SUM(E5:I5),"")
J6: =IF(E6<>"",SUM(E6:I6),"")
J7: =IF(E7<>"",SUM(E7:I7),"")
J8: =IF(E8<>"",SUM(E8:I8),"")
J9: =IF(E9<>"",SUM(E9:I9),"")
J10: =IF(E10<>"",SUM(E10:I10),"")
J11: =IF(E11<>"",SUM(E11:I11),"")
J12: =IF(E12<>"",SUM(E12:I12),"")
J13: =IF(E13<>"",SUM(E13:I13),"")
... J101: =IF(E101<>"",SUM(E101:I101),"")
